filename,module_name,module_params,execution_time,passage_reranker_retrieval_f1,passage_reranker_retrieval_recall,passage_reranker_retrieval_precision,is_best
0.parquet,PassReranker,{'top_k': 5},1.0466307736514659e-05,0.2378277153558053,0.7134831460674157,0.14269662921348314,True
1.parquet,Tart,{'top_k': 5},0.6629923314190982,0.21067415730337086,0.6320224719101124,0.12640449438202245,False
2.parquet,ColbertReranker,{'top_k': 5},0.16123119297991978,0.2172284644194757,0.651685393258427,0.13033707865168537,False
3.parquet,SentenceTransformerReranker,{'top_k': 5},0.015472089976407168,0.22284644194756562,0.6685393258426966,0.1337078651685393,False
4.parquet,FlagEmbeddingReranker,{'top_k': 5},0.3301055049628354,0.23595505617977533,0.7078651685393258,0.14157303370786514,False
